{
  "min": [
    15.0,
    1.0,
    1727.0,
    14.0,
    15.78
  ],
  "max": [
    48.0,
    18.0,
    3200.0,
    44.0,
    18.43
  ],
  "scale": [
    0.030303030303030304,
    0.058823529411764705,
    0.0006788866259334691,
    0.03333333333333333,
    0.3773584905660377
  ],
  "min_": [
    -0.4545454545454546,
    -0.058823529411764705,
    -1.172437202987101,
    -0.4666666666666667,
    -5.954716981132075
  ],
  "feature_names": [
    "PUSH UP",
    "PULL UP",
    "LARI 12 MENIT",
    "SIT UP ",
    "SHUTTLE RUN"
  ],
  "data_range": [
    33.0,
    17.0,
    1473.0,
    30.0,
    2.6500000000000004
  ]
}