{
  "min": [
    13.0,
    1.0,
    1724.0,
    18.0,
    10.0
  ],
  "max": [
    47.0,
    18.0,
    3328.0,
    51.0,
    26.96
  ],
  "scale": [
    0.029411764705882353,
    0.058823529411764705,
    0.0006234413965087282,
    0.030303030303030304,
    0.05896226415094339
  ],
  "min_": [
    -0.38235294117647056,
    -0.058823529411764705,
    -1.0748129675810474,
    -0.5454545454545454,
    -0.5896226415094339
  ],
  "feature_names": [
    "PUSH UP",
    "PULL UP",
    "LARI 12 MENIT",
    "SIT UP ",
    "SHUTTLE RUN"
  ],
  "data_range": [
    34.0,
    17.0,
    1604.0,
    33.0,
    16.96
  ]
}