{"min": [1724.0, 1.0, 13.0, 10.0, 18.0], "max": [3328.0, 18.0, 47.0, 26.96, 51.0], "scale": [0.0006234413965087282, 0.058823529411764705, 0.029411764705882353, 0.05896226415094339, 0.030303030303030304], "min_": [-1.0748129675810474, -0.058823529411764705, -0.38235294117647056, -0.5896226415094339, -0.5454545454545454]}